Time[hr];Acetate Concentration[g/L];Abs Err [g/L];Acetate Concentration[mMol/L];Abs Err [mMol/L]
20;1.3;0.51;22.01747849;8.637626177
24;1.8;0.68;30.48573945;11.5168349
29.7;2.7;0.405;45.72860917;6.859291376
36;3.3;0.16;55.89052232;2.709843507
42;4.1;0.615;69.43973986;10.41596098
47.8;4.7;0.705;79.601653;11.94024795
59.8;5.9;0.885;99.9254793;14.9888219
;;;;
;;;;
;;;;
;;;;
;;Molecular  Weight Acetate;59.044;[g/mol]
