Time[hr];Acetate Concentration[g/L];Abs Err [g/L];Acetate Concentration[mMol/L];Abs Err [mMol/L]
20.1;1.3;0.63;22.01747849;10.67000881
23.9;1.6;0.82;27.09843507;13.88794797
29.9;1.5;0.225;25.40478287;3.810717431
35.7;1.2;0.18;20.3238263;3.048573945
42.1;0.7;0.21;11.85556534;3.556669602
47.9;0.4;0.06;6.774608766;1.016191315
59.9;0.2;0.03;3.387304383;0.508095657
;;;;
;Molecular  Weight Acetate;59.044;[g/mol];
