Time[hr];Acetate Concentration[g/L];Abs Err [g/L];Acetate Concentration[mMol/L];Abs Err [mMol/L]
20.1;1.2;0.23;20.3238263;3.895400041
24.1;1;0.38;16.93652192;6.435878328
29.9;0;0.015;0;0.254047829
36.2;0;0.015;0;0.254047829
42.3;0.1;0.015;1.693652192;0.254047829
48;0;0.015;0;0.254047829
59.9;0;0.015;0;0.254047829
;;;;
;Molecular  Weight Acetate;59.044;[g/mol];
